UserId,Age,Gender,Height (cm),Weight (kg),Workout Type,Workout Duration (mins),Calories Burned,Heart Rate (bpm),Steps Taken,Workout Intensity,Sleep hours,Water Intake (liters),Daily Calories Intake,Resting Heart Rate (bpm),VO2 Max,Body Fat (%),Mood Before Workout,Mood After Workout
1,31,Female,178,89,Yoga,109,842,166,7127,High,6.4,1.2,3234,80,39.4,24.1,Energetic,Neutral
2,29,Male,178,70,Strength,64,812,66,19825,Medium,8.8,1.2,2489,62,57.6,27.2,Happy,Happy
3,30,Female,150,74,CrossFit,91,923,90,10370,Medium,8.0,1.5,3133,88,32.3,10.6,Stressed,Energetic
4,56,Female,170,79,Pilates,50,858,79,17911,Medium,4.6,3.2,2223,67,39.9,34.7,Stressed,Tired
5,30,Male,198,65,Strength,53,724,90,16396,Low,6.6,2.3,1667,83,31.7,31.3,Energetic,Happy
6,32,Male,162,50,Cardio,65,604,104,8824,Low,8.0,2.3,3063,82,56.0,25.1,Happy,Neutral
7,51,Female,162,80,Strength,23,921,152,16891,High,7.2,1.5,2415,53,45.5,10.1,Tired,Neutral
8,23,Female,171,51,HIIT,112,509,175,5315,Medium,4.3,3.7,2432,56,55.2,14.0,Happy,Neutral
9,48,Female,167,100,Pilates,35,964,166,16258,Low,6.6,3.3,2502,84,30.9,34.9,Neutral,Stressed
10,33,Male,190,67,Yoga,61,872,89,10730,Low,8.9,1.3,2850,89,58.5,10.1,Happy,Stressed
11,58,Male,160,91,Cardio,43,910,146,18235,Low,8.3,2.6,2711,59,31.2,18.5,Energetic,Energetic
12,31,Female,157,73,Cardio,72,664,150,15290,High,6.1,3.9,2297,82,45.0,16.4,Energetic,Tired
13,31,Male,190,98,Yoga,86,307,165,15904,Medium,5.0,1.3,1589,55,46.2,19.6,Happy,Happy
14,29,Female,161,65,CrossFit,66,175,149,16560,Low,7.4,2.7,2890,64,53.2,29.7,Stressed,Tired
15,40,Female,189,76,Strength,84,330,117,14051,Medium,7.6,2.3,2615,82,40.1,24.8,Neutral,Stressed
16,38,Male,161,98,CrossFit,59,493,122,3608,High,6.9,3.7,2169,64,54.5,22.8,Energetic,Tired
17,56,Male,193,62,Strength,84,689,118,5041,High,6.8,3.3,3040,84,38.0,20.3,Tired,Neutral
18,55,Male,191,52,Pilates,106,334,160,13364,Low,4.3,1.4,2790,72,58.0,34.4,Tired,Neutral
19,38,Male,152,59,Yoga,42,994,101,7120,Medium,8.5,1.6,3030,55,44.2,22.8,Energetic,Happy
20,23,Male,178,99,Yoga,63,703,133,3364,Low,7.9,1.6,3012,70,56.1,28.1,Energetic,Stressed
21,41,Female,161,98,Pilates,25,759,93,8173,Low,7.2,2.4,1579,55,32.9,31.9,Neutral,Stressed
22,57,Female,190,69,Cardio,32,691,108,5205,Medium,6.4,2.1,3494,82,53.4,30.2,Tired,Energetic
23,45,Male,177,59,Strength,28,859,95,17927,High,4.6,1.1,1535,74,41.4,20.9,Energetic,Neutral
24,36,Male,196,96,Pilates,51,610,94,15823,Medium,7.4,1.6,2829,77,32.8,23.0,Energetic,Neutral
25,21,Female,163,51,Yoga,73,837,162,9716,Medium,5.1,3.4,3215,88,32.4,30.6,Tired,Stressed
26,32,Male,156,100,Strength,110,217,87,18180,Medium,7.2,3.7,1590,88,46.7,20.4,Happy,Tired
27,30,Female,199,85,Pilates,117,247,152,7417,Medium,4.3,2.8,2146,72,54.7,15.1,Energetic,Tired
28,35,Male,161,100,Strength,69,349,105,18604,Low,5.5,1.8,1749,56,32.1,30.9,Energetic,Energetic
29,51,Female,166,89,Strength,53,525,83,13983,Medium,4.8,2.9,2156,56,30.1,21.7,Stressed,Neutral
30,18,Male,171,70,Strength,70,424,90,19833,High,8.3,1.6,2282,52,54.7,15.2,Stressed,Tired
31,55,Male,175,76,HIIT,70,186,84,16133,High,7.6,2.8,2443,69,30.5,31.5,Energetic,Energetic
32,60,Female,173,56,Yoga,43,562,103,13736,Low,8.6,2.3,3213,82,36.4,34.4,Happy,Energetic
33,52,Female,191,67,Cardio,108,860,153,4804,Low,5.0,3.2,2874,59,48.5,22.5,Neutral,Neutral
34,49,Male,165,100,Pilates,120,397,146,11970,Medium,4.9,2.3,2580,83,32.0,15.2,Tired,Happy
35,57,Female,179,73,CrossFit,88,251,80,1209,Medium,7.1,3.2,1885,77,31.2,21.3,Happy,Tired
36,41,Male,188,57,HIIT,62,946,63,7908,High,4.4,3.7,2932,72,49.8,21.5,Energetic,Happy
37,20,Female,200,87,Cardio,115,380,162,19227,Low,4.9,3.6,2020,80,33.0,20.3,Happy,Energetic
38,37,Female,157,85,CrossFit,90,740,148,18670,Medium,8.7,3.5,1771,80,32.0,20.1,Energetic,Neutral
39,48,Female,184,51,HIIT,37,292,77,2893,High,4.3,3.8,3373,86,56.0,34.9,Energetic,Happy
40,36,Male,175,77,Pilates,23,386,173,19181,High,4.5,3.6,3077,75,57.9,18.4,Happy,Neutral
41,37,Male,194,54,Cardio,100,465,144,8150,Low,6.7,2.6,1927,76,59.8,24.2,Stressed,Neutral
42,28,Male,185,95,CrossFit,22,477,70,3515,Medium,6.4,1.5,1627,62,49.1,19.3,Neutral,Energetic
43,36,Male,159,85,Cardio,113,563,82,14941,Low,5.9,3.2,2159,79,45.5,17.0,Tired,Stressed
44,59,Female,159,87,HIIT,112,656,87,3454,Medium,5.4,3.3,3023,76,41.7,16.5,Happy,Neutral
45,23,Male,183,83,HIIT,25,715,86,9154,Low,7.4,1.5,2299,87,34.6,16.4,Neutral,Happy
46,24,Female,179,72,CrossFit,102,385,70,16856,Medium,6.1,2.0,2021,64,36.5,10.4,Energetic,Tired
47,24,Male,150,93,Yoga,50,982,78,11907,Medium,4.3,2.4,2498,63,59.3,12.0,Happy,Neutral
48,47,Female,176,64,HIIT,74,470,109,8649,High,8.2,3.4,3160,72,53.8,17.7,Energetic,Energetic
49,48,Male,191,85,HIIT,100,405,109,6170,Low,8.7,3.4,1624,87,34.3,27.9,Energetic,Happy
50,51,Female,186,81,HIIT,49,374,165,10524,High,6.3,2.5,1906,73,40.2,23.8,Neutral,Stressed
51,36,Male,153,82,Pilates,76,537,61,15941,Low,5.2,1.2,2776,77,46.5,14.8,Tired,Happy
52,21,Female,182,52,Strength,46,771,170,6984,Medium,8.9,4.0,1901,74,42.8,20.0,Neutral,Neutral
53,20,Male,194,78,Pilates,104,338,154,3920,Low,8.4,1.9,2831,54,32.1,16.6,Neutral,Stressed
54,48,Male,194,89,Cardio,21,492,103,6175,High,6.2,2.8,1515,70,32.4,31.5,Happy,Happy
55,55,Male,171,86,Pilates,68,488,88,14598,High,5.2,2.1,3378,68,36.5,10.8,Neutral,Tired
56,29,Female,152,92,CrossFit,53,701,111,16410,Medium,5.4,3.4,2012,85,46.2,21.7,Tired,Neutral
57,27,Female,160,73,CrossFit,68,951,132,14772,High,8.2,1.1,2092,53,35.7,17.9,Energetic,Happy
58,30,Male,150,56,Cardio,27,530,85,6623,Low,8.4,1.8,1624,51,59.8,34.4,Energetic,Tired
59,45,Female,191,70,Yoga,78,991,100,4915,Low,4.9,3.1,2423,86,32.9,28.7,Neutral,Happy
60,47,Male,184,90,Strength,89,948,108,19077,Medium,5.6,3.8,1999,55,31.2,25.5,Neutral,Tired
61,20,Male,181,85,Yoga,109,979,94,6537,High,8.3,2.4,2881,78,58.5,12.1,Neutral,Energetic
62,38,Male,177,62,Strength,26,382,131,7328,Low,6.0,2.3,3389,87,30.7,18.8,Happy,Neutral
63,31,Female,155,87,CrossFit,46,797,111,5762,Low,4.8,1.4,3457,80,58.5,32.5,Energetic,Happy
64,51,Female,150,51,Cardio,39,768,178,6879,Low,6.8,3.9,1546,53,37.7,21.2,Neutral,Energetic
65,50,Female,188,85,Cardio,98,870,142,8632,Low,7.9,3.4,2236,71,51.4,12.5,Happy,Stressed
66,58,Male,164,56,CrossFit,69,921,119,16289,High,4.2,3.1,2140,79,45.3,12.4,Tired,Stressed
67,55,Female,159,93,Yoga,95,380,82,3812,Low,8.0,3.6,1577,81,52.1,11.0,Tired,Stressed
68,59,Male,181,77,Strength,34,379,167,7173,Medium,4.8,2.4,2479,55,35.5,27.0,Energetic,Stressed
69,26,Female,170,54,HIIT,80,531,90,1036,Medium,7.5,1.8,2564,83,52.7,26.8,Stressed,Neutral
70,42,Male,161,58,Pilates,85,358,122,14338,High,4.7,3.1,2499,70,51.0,34.4,Tired,Energetic
71,56,Female,174,99,Cardio,38,618,164,1440,High,4.4,2.3,2825,83,50.9,19.4,Tired,Neutral
72,51,Male,159,61,CrossFit,30,339,171,7602,Low,8.8,3.1,2635,69,47.3,11.7,Happy,Neutral
73,42,Male,178,87,Pilates,101,478,63,3205,High,8.0,1.6,3046,72,59.5,14.8,Neutral,Neutral
74,44,Male,157,51,HIIT,74,707,141,6483,Low,6.9,1.0,2102,76,52.7,28.7,Energetic,Tired
75,38,Male,194,54,Strength,85,505,84,17077,High,6.2,1.2,3052,74,49.6,14.9,Happy,Energetic
76,54,Male,195,70,CrossFit,97,919,169,17126,Medium,7.3,3.4,2640,59,52.5,14.2,Happy,Neutral
77,27,Female,171,80,Strength,83,413,71,2035,Medium,7.0,3.0,3120,63,38.8,18.2,Happy,Stressed
78,59,Male,181,95,CrossFit,38,973,177,1554,Low,4.8,3.7,3434,55,46.7,33.6,Neutral,Stressed
79,44,Female,158,66,CrossFit,108,966,116,5007,Medium,4.8,4.0,2814,50,30.6,12.1,Neutral,Neutral
80,33,Male,177,63,Yoga,82,233,70,6023,Medium,4.4,1.6,3259,80,56.3,27.4,Happy,Happy
81,24,Female,187,51,CrossFit,29,531,107,6781,Medium,5.4,1.6,3038,67,50.3,20.8,Tired,Stressed
82,38,Male,182,95,Cardio,54,207,89,1571,Medium,8.6,3.9,3173,66,30.1,15.6,Happy,Stressed
83,49,Male,167,69,Cardio,52,853,138,5133,High,8.7,1.0,2514,54,54.0,19.4,Stressed,Tired
84,45,Female,194,100,Strength,91,670,149,4613,High,7.8,3.0,2581,76,34.9,17.4,Tired,Happy
85,59,Female,187,88,Strength,51,781,175,11178,High,9.0,3.2,2557,79,59.5,12.0,Happy,Tired
86,20,Male,191,53,Cardio,89,471,78,5243,Low,8.3,2.3,2967,66,36.7,17.9,Happy,Neutral
87,50,Female,156,72,Yoga,99,766,173,16487,Low,8.9,2.7,2136,63,38.0,20.5,Stressed,Stressed
88,39,Female,175,73,Yoga,41,262,147,8319,Medium,7.9,2.1,3321,57,34.0,15.5,Energetic,Energetic
89,22,Female,180,75,Cardio,24,171,86,14589,High,7.1,1.7,2621,73,58.8,30.7,Tired,Neutral
90,58,Male,198,77,Cardio,113,367,97,2694,Low,7.2,3.0,2716,61,52.2,31.3,Happy,Stressed
91,33,Male,192,99,Pilates,34,586,136,1992,High,6.3,1.0,3303,83,55.7,14.9,Stressed,Energetic
92,46,Male,195,92,CrossFit,71,716,82,2030,Medium,6.0,2.8,3483,80,41.3,29.7,Stressed,Happy
93,37,Male,163,71,Pilates,20,524,168,10786,Medium,6.4,2.3,1767,55,44.3,25.3,Happy,Stressed
94,29,Female,150,67,CrossFit,92,592,155,7799,High,7.4,3.8,3456,75,50.2,17.0,Stressed,Stressed
95,29,Male,168,99,Strength,41,197,120,17328,Medium,7.6,1.8,1612,82,39.9,31.6,Happy,Stressed
96,47,Male,152,63,Pilates,71,450,123,7678,Low,8.5,1.1,1951,70,36.4,12.9,Stressed,Happy
97,56,Female,170,71,CrossFit,38,821,65,4243,Medium,4.4,2.9,3036,87,30.8,34.7,Happy,Happy
98,51,Female,151,59,Cardio,87,862,68,4589,High,8.8,2.2,1537,56,47.1,27.9,Happy,Tired
99,27,Female,199,81,Strength,48,920,65,9793,Low,4.8,3.4,3195,57,41.8,29.8,Neutral,Tired
100,43,Female,165,57,Cardio,45,382,153,3469,Low,6.7,3.3,2315,52,43.3,20.8,Happy,Stressed
101,26,Male,164,56,CrossFit,55,444,119,4312,Low,5.8,1.4,1915,62,48.4,19.1,Neutral,Happy
102,52,Male,159,80,CrossFit,41,575,119,8165,Low,6.3,2.8,3075,59,31.1,22.0,Stressed,Stressed
103,42,Male,158,90,CrossFit,86,271,92,17390,Low,6.6,1.1,3195,61,34.5,21.5,Tired,Neutral
104,53,Male,172,82,CrossFit,90,694,80,14121,Medium,5.5,2.3,1964,65,34.8,25.1,Happy,Neutral
105,31,Female,165,73,CrossFit,109,350,111,14594,Low,7.5,3.0,2803,58,47.9,10.5,Stressed,Neutral
106,52,Female,198,80,CrossFit,113,600,69,5659,Medium,8.5,3.9,2381,75,41.4,27.6,Stressed,Stressed
107,33,Male,161,53,Cardio,36,695,89,19037,High,5.8,3.0,3280,75,37.7,34.6,Stressed,Happy
108,19,Female,190,81,Pilates,47,365,107,16020,Low,8.0,3.5,2739,80,37.4,24.3,Happy,Energetic
109,51,Female,156,61,Strength,103,530,112,2470,Low,6.2,3.0,2493,71,36.1,25.5,Energetic,Tired
110,41,Male,184,66,Cardio,38,299,152,6231,Low,5.7,3.3,3252,81,37.2,29.8,Stressed,Neutral
111,43,Female,186,81,CrossFit,81,805,65,1353,High,7.3,1.6,1712,65,44.7,34.4,Happy,Neutral
112,55,Male,171,73,Yoga,91,322,89,14483,Low,9.0,3.5,1870,56,56.8,24.4,Tired,Stressed
113,42,Male,163,73,Pilates,76,874,109,7754,Low,4.7,3.1,2298,67,35.4,30.2,Stressed,Happy
114,40,Female,158,90,Cardio,60,727,163,3070,High,7.6,1.4,2258,80,60.0,21.4,Energetic,Stressed
115,52,Female,176,73,Yoga,115,492,116,1304,Low,4.8,3.7,1804,62,50.8,31.0,Energetic,Energetic
116,23,Male,162,73,CrossFit,23,816,159,15535,Medium,5.4,2.8,2031,55,31.6,11.6,Happy,Happy
117,51,Male,195,67,Cardio,54,888,98,9406,Medium,7.1,1.6,3219,59,53.6,28.8,Tired,Happy
118,21,Male,166,94,HIIT,57,403,122,7491,Medium,4.1,2.6,2126,58,43.5,19.0,Stressed,Tired
119,56,Female,180,64,Pilates,74,524,148,10148,High,4.1,1.6,3454,68,51.9,30.2,Neutral,Happy
120,31,Female,153,78,Cardio,78,963,114,6594,Low,8.0,1.5,2323,57,49.3,24.4,Tired,Happy
121,28,Female,197,72,Cardio,95,525,100,2767,Low,5.7,4.0,2842,72,39.2,11.0,Stressed,Happy
122,50,Female,150,61,HIIT,24,609,63,7642,Low,9.0,2.7,3328,51,52.6,31.9,Happy,Happy
123,35,Female,165,96,Strength,62,687,105,2291,High,8.6,3.1,1558,84,49.4,24.6,Happy,Happy
124,47,Male,160,69,Cardio,85,990,161,10305,Low,6.5,3.9,2463,76,39.6,33.5,Neutral,Energetic
125,52,Female,197,57,CrossFit,113,178,146,10605,Medium,8.2,1.6,2206,62,54.8,26.3,Tired,Neutral
126,45,Female,154,53,CrossFit,67,965,175,7904,Low,7.9,3.4,3195,80,59.0,18.2,Energetic,Stressed
127,43,Male,155,78,Pilates,44,447,135,7525,Low,8.7,2.8,3153,87,46.3,18.4,Tired,Energetic
128,19,Female,186,61,Pilates,31,655,91,17845,Low,5.9,3.3,3191,59,51.4,12.8,Neutral,Stressed
129,38,Female,180,67,Yoga,108,504,152,1424,Medium,8.8,3.5,1551,65,35.2,14.9,Tired,Tired
130,18,Male,175,50,CrossFit,104,216,107,9230,Low,4.8,2.2,1532,63,38.8,18.9,Energetic,Tired
131,32,Female,157,77,Yoga,51,916,112,18738,Low,8.6,1.0,2057,53,51.4,13.0,Neutral,Energetic
132,53,Female,161,57,HIIT,81,677,94,2703,High,4.4,1.2,2167,65,51.1,10.1,Neutral,Tired
133,40,Male,181,56,Yoga,88,639,179,1272,High,4.1,1.6,2837,66,40.9,25.6,Tired,Energetic
134,21,Male,181,71,CrossFit,83,851,115,16191,Medium,6.9,3.3,3188,58,45.5,26.0,Tired,Neutral
135,32,Female,167,58,Strength,44,394,62,16471,High,7.6,1.3,1797,67,58.9,24.4,Neutral,Energetic
136,51,Female,183,73,CrossFit,117,581,163,1200,Low,4.1,3.8,1544,78,33.2,25.2,Energetic,Happy
137,30,Male,167,59,CrossFit,88,515,132,10008,Medium,5.4,2.8,3395,61,56.7,21.8,Tired,Energetic
138,30,Female,194,86,CrossFit,45,395,146,15600,Medium,4.6,1.9,3416,70,45.4,30.8,Tired,Tired
139,52,Male,160,97,Strength,49,255,89,6722,Low,5.5,2.0,2089,82,55.8,26.7,Energetic,Neutral
140,38,Male,174,50,Yoga,22,955,88,2823,High,5.9,2.9,3170,69,50.0,24.1,Stressed,Stressed
141,26,Male,176,55,HIIT,40,733,81,15456,Low,7.5,1.4,1988,69,57.3,21.4,Stressed,Tired
142,55,Male,187,84,Cardio,98,554,75,2681,High,5.5,1.6,2779,69,36.2,29.3,Stressed,Stressed
143,37,Male,154,80,CrossFit,79,938,143,6421,Medium,6.9,1.2,2103,81,50.7,14.3,Stressed,Energetic
144,57,Female,164,96,HIIT,59,714,84,12969,Medium,6.3,1.1,2266,75,57.7,34.5,Stressed,Stressed
145,38,Female,177,98,Cardio,72,705,113,14166,High,7.8,1.1,2170,65,32.8,19.1,Stressed,Neutral
146,60,Male,195,81,Pilates,80,309,118,18478,Low,5.0,2.6,2114,61,53.8,31.8,Stressed,Happy
147,50,Female,187,86,HIIT,93,503,167,18780,High,4.3,1.1,2869,59,46.8,11.2,Stressed,Tired
148,52,Male,167,100,HIIT,114,833,165,17075,Medium,6.2,3.5,2790,70,33.5,15.9,Stressed,Neutral
149,21,Male,187,88,Cardio,48,787,121,7174,Low,5.7,3.2,2240,79,39.9,12.8,Neutral,Neutral
150,55,Female,162,65,CrossFit,38,296,109,1759,High,8.9,2.9,2505,51,41.7,30.0,Stressed,Neutral
151,44,Male,150,81,Cardio,90,403,140,17841,Medium,8.1,3.9,2374,70,42.2,23.7,Neutral,Tired
152,54,Female,187,82,CrossFit,105,890,148,5637,Medium,7.3,2.4,2561,87,57.7,16.8,Tired,Happy
153,60,Male,176,83,Strength,26,175,68,19877,Low,8.1,2.6,3008,55,37.7,16.3,Energetic,Stressed
154,59,Female,167,62,Yoga,50,553,90,2974,Medium,4.1,3.8,2242,70,33.6,24.7,Tired,Stressed
155,22,Female,186,97,Yoga,69,486,131,3886,High,7.5,2.3,3181,88,42.6,15.3,Stressed,Happy
156,46,Male,173,95,HIIT,97,634,165,16476,High,7.6,3.9,2909,86,54.0,15.9,Neutral,Happy
157,37,Male,160,80,Pilates,70,280,144,14890,Medium,4.8,3.6,3449,81,37.5,11.6,Tired,Neutral
158,23,Female,160,61,Pilates,86,318,179,7765,High,5.5,3.5,1576,59,47.3,35.0,Happy,Stressed
159,31,Male,161,96,Yoga,45,832,71,9317,Medium,6.1,1.8,1802,82,36.2,32.9,Tired,Tired
160,34,Male,165,56,HIIT,25,867,138,16837,Medium,5.0,3.9,2298,71,54.5,31.3,Stressed,Tired
161,24,Female,168,74,HIIT,30,479,131,7149,High,6.3,1.1,1693,64,42.6,26.2,Energetic,Stressed
162,53,Male,200,68,CrossFit,52,332,87,7056,Low,7.9,3.7,2738,72,34.7,21.9,Tired,Energetic
163,38,Female,192,93,Cardio,38,838,116,19871,High,4.1,1.7,2862,78,45.0,13.8,Energetic,Tired
164,54,Female,171,93,Strength,43,937,77,1013,Medium,7.3,1.2,2644,88,48.8,15.1,Happy,Neutral
165,24,Male,189,53,CrossFit,64,255,104,4540,Medium,8.6,1.2,2911,60,48.2,20.1,Neutral,Tired
166,44,Male,200,77,CrossFit,23,365,108,3585,Medium,6.9,1.0,3051,50,30.3,18.7,Energetic,Energetic
167,49,Female,172,89,Cardio,21,817,132,9156,High,7.7,3.0,3196,86,48.3,14.3,Neutral,Neutral
168,29,Male,178,96,Strength,95,396,102,4435,Low,6.7,3.9,1992,74,36.3,33.9,Stressed,Tired
169,29,Female,166,73,Cardio,96,651,150,19520,High,7.8,2.2,2007,88,46.9,14.0,Happy,Stressed
170,24,Female,169,90,Yoga,118,822,175,3164,Low,9.0,2.6,2445,81,52.9,31.2,Tired,Stressed
171,36,Female,182,73,CrossFit,63,535,167,19499,High,8.7,2.6,3176,67,45.7,18.7,Tired,Tired
172,33,Female,160,56,Pilates,110,594,61,8100,Medium,6.9,2.0,2045,60,43.1,27.1,Energetic,Happy
173,39,Male,184,51,CrossFit,96,471,125,3402,Low,4.1,3.6,2291,74,34.0,29.3,Neutral,Energetic
174,30,Female,195,88,Yoga,104,923,122,6077,High,6.8,3.2,1552,50,59.6,13.0,Neutral,Tired
175,60,Male,185,66,Strength,120,418,81,12030,Low,4.1,1.9,2060,62,46.1,10.3,Energetic,Neutral
176,19,Female,179,68,Yoga,56,959,174,17996,High,7.5,1.9,3028,59,34.4,13.8,Neutral,Happy
177,49,Female,180,67,CrossFit,110,713,120,17365,High,6.3,2.4,2922,88,42.2,28.5,Neutral,Happy
178,50,Female,200,72,Pilates,94,845,177,8203,High,8.4,1.2,2086,69,54.5,17.2,Energetic,Neutral
179,57,Male,169,91,HIIT,87,680,96,19162,High,7.7,2.3,2743,90,56.7,12.3,Tired,Happy
180,27,Male,199,53,CrossFit,117,265,151,3225,Medium,8.5,1.5,2775,80,31.7,34.5,Stressed,Stressed
181,30,Male,166,87,CrossFit,64,604,176,4487,High,7.5,1.9,2398,77,36.8,13.8,Energetic,Tired
182,23,Male,151,98,Yoga,43,256,113,17169,Low,6.2,2.5,2959,62,36.9,33.0,Tired,Stressed
183,46,Female,158,65,Yoga,24,195,120,17937,High,4.3,3.6,1625,85,34.7,17.4,Tired,Energetic
184,48,Male,194,71,Cardio,57,863,121,14649,High,7.3,2.6,1593,59,38.4,16.2,Stressed,Stressed
185,33,Male,182,51,HIIT,107,914,131,19361,Medium,7.4,2.7,3209,53,33.5,31.4,Energetic,Energetic
186,26,Male,178,94,Strength,48,151,126,7049,Medium,5.0,2.4,2891,85,37.0,14.6,Energetic,Stressed
187,20,Female,160,83,Yoga,66,768,153,4749,High,4.3,3.0,2292,82,53.0,25.0,Stressed,Stressed
188,49,Female,153,74,HIIT,26,768,108,1885,Medium,8.2,3.4,3047,85,36.6,11.3,Energetic,Neutral
189,50,Female,164,64,CrossFit,70,952,180,11190,Medium,4.1,2.3,3064,90,40.5,19.6,Neutral,Happy
190,37,Male,161,100,Strength,115,993,155,9504,Low,7.7,1.5,2756,55,52.6,30.8,Tired,Happy
191,35,Male,192,97,CrossFit,76,529,74,15194,High,8.8,3.0,2666,56,55.6,12.3,Tired,Energetic
192,53,Male,182,83,Strength,117,826,149,8877,High,6.0,2.8,2329,76,39.3,25.4,Tired,Happy
193,33,Female,181,56,Yoga,26,650,123,1014,Medium,7.1,3.4,1937,53,45.9,17.0,Happy,Happy
194,23,Female,163,76,CrossFit,100,592,135,7848,Low,4.7,2.9,2317,55,48.8,17.8,Energetic,Tired
195,39,Female,197,74,Strength,65,979,96,9204,Medium,4.7,2.3,2388,86,58.4,24.1,Energetic,Stressed
196,19,Male,156,65,Pilates,94,513,136,6220,Medium,7.4,2.9,3431,70,56.5,32.0,Tired,Tired
197,26,Male,195,81,Yoga,73,323,101,15731,High,6.5,1.2,3158,68,42.5,13.9,Neutral,Tired
198,51,Female,170,87,CrossFit,91,155,156,14722,Low,8.2,3.5,2521,89,45.8,29.8,Neutral,Happy
199,58,Male,182,83,CrossFit,101,993,131,13567,Low,8.3,2.1,1922,55,50.7,27.2,Energetic,Happy
200,30,Female,189,84,Yoga,117,158,169,19537,Medium,4.0,1.8,3421,82,31.6,13.0,Happy,Tired
201,35,Male,190,97,HIIT,26,207,126,18627,High,4.0,2.7,2975,77,33.1,26.9,Stressed,Happy
202,43,Male,163,50,Cardio,31,884,99,7869,High,8.6,2.1,2545,66,49.7,22.4,Neutral,Stressed
203,47,Male,197,92,Pilates,94,526,160,9740,Medium,7.9,1.7,2596,67,54.6,17.0,Tired,Energetic
204,47,Male,164,74,CrossFit,58,153,154,17364,High,5.3,2.2,2994,67,35.5,28.3,Neutral,Stressed
205,44,Male,152,64,Pilates,20,158,74,16773,Low,6.5,3.8,3321,89,43.7,25.2,Neutral,Neutral
206,18,Male,159,77,Pilates,94,734,129,9848,Low,6.5,1.8,2799,65,47.8,17.2,Energetic,Happy
207,52,Male,183,66,CrossFit,49,752,165,9890,High,4.2,2.3,1892,63,48.7,13.6,Happy,Energetic
208,39,Male,191,96,Pilates,80,845,160,15501,High,8.6,1.9,2822,81,38.5,34.5,Energetic,Happy
209,18,Female,174,99,Cardio,55,442,71,5844,High,4.8,2.7,2926,70,45.3,17.6,Tired,Happy
210,56,Female,171,100,Cardio,114,788,138,4166,Low,5.4,1.5,2159,58,44.9,19.7,Happy,Neutral
211,19,Female,173,54,Cardio,119,544,147,5866,Medium,7.0,3.7,2171,76,47.7,11.1,Neutral,Energetic
212,18,Male,197,52,HIIT,65,909,108,10292,Low,7.3,1.0,1502,90,36.9,33.7,Energetic,Stressed
213,29,Female,197,65,CrossFit,85,152,96,2585,Medium,7.9,2.8,1929,76,46.0,16.7,Stressed,Happy
214,53,Male,167,51,Pilates,65,969,88,3545,Low,4.4,2.9,2477,65,40.4,15.7,Neutral,Happy
215,23,Female,197,83,Cardio,71,722,159,13751,High,6.1,3.0,2743,68,31.6,30.6,Neutral,Neutral
216,49,Female,186,95,HIIT,87,818,65,15036,Low,7.6,3.3,1873,61,51.7,32.5,Neutral,Happy
217,58,Female,167,60,Strength,98,302,135,8462,Medium,7.0,3.5,1796,54,50.9,29.2,Happy,Energetic
218,36,Female,172,76,Strength,21,187,151,8049,Medium,5.9,3.1,3228,89,34.7,32.6,Neutral,Stressed
219,60,Female,183,69,HIIT,88,371,136,4501,Low,8.7,3.4,2029,82,33.2,30.5,Neutral,Happy
220,49,Female,191,76,Pilates,97,978,128,14371,Low,7.1,2.4,1613,90,44.8,33.1,Tired,Happy
221,59,Female,189,62,Strength,90,498,73,14803,High,7.3,3.4,2024,81,40.6,34.3,Stressed,Happy
222,25,Female,188,66,Cardio,67,486,113,19022,High,8.6,4.0,3260,59,47.4,23.7,Tired,Stressed
223,28,Female,181,88,HIIT,24,721,109,14077,Low,5.9,3.8,3498,76,52.0,21.7,Happy,Happy
224,48,Female,156,78,Cardio,90,403,144,3856,High,8.4,4.0,2744,87,57.6,32.8,Stressed,Stressed
225,26,Male,179,52,CrossFit,97,209,139,2936,Low,5.3,4.0,3270,58,56.3,17.7,Happy,Tired
226,23,Female,168,62,HIIT,94,482,106,7831,High,5.5,1.6,2428,50,45.1,31.4,Tired,Energetic
227,52,Female,171,78,CrossFit,55,657,92,14335,High,4.2,2.5,1938,72,58.6,28.2,Stressed,Happy
228,27,Female,150,99,Cardio,44,232,172,17559,Low,8.4,2.1,3279,83,38.4,20.4,Happy,Tired
229,45,Female,177,64,Yoga,93,180,173,14590,Low,6.1,1.8,3331,64,49.1,11.9,Stressed,Neutral
230,32,Male,180,66,CrossFit,67,733,170,3468,High,6.7,1.7,2037,77,55.6,16.4,Energetic,Neutral
231,42,Female,185,50,Yoga,41,266,131,2209,Low,6.6,2.7,1540,89,42.0,19.9,Tired,Energetic
232,46,Male,150,52,Yoga,103,382,169,3096,Medium,4.2,1.3,3332,72,34.4,27.5,Tired,Tired
233,27,Female,171,77,Yoga,21,925,161,7230,Medium,6.6,3.5,2622,76,35.6,24.0,Tired,Stressed
234,22,Male,176,85,Cardio,30,824,156,14638,High,5.9,2.4,1764,80,36.4,13.0,Tired,Energetic
235,58,Female,188,95,HIIT,58,500,102,17278,High,8.4,1.2,2388,81,31.2,14.4,Happy,Energetic
236,38,Female,196,59,Pilates,31,469,133,6738,High,6.1,1.6,2469,57,39.6,28.6,Stressed,Neutral
237,50,Male,188,68,HIIT,116,505,144,6446,Low,5.6,3.5,3351,62,43.3,34.8,Happy,Neutral
238,32,Male,171,63,HIIT,69,544,144,18205,Low,4.4,2.9,2067,83,39.9,27.1,Stressed,Stressed
239,59,Male,199,99,Yoga,120,559,167,6225,High,6.2,2.8,3459,56,36.4,31.1,Happy,Neutral
240,28,Female,168,79,CrossFit,48,639,143,17196,Low,7.1,1.6,2338,79,32.9,31.2,Happy,Stressed
241,18,Female,177,68,HIIT,93,855,89,13802,Low,4.6,1.3,3265,83,43.6,32.8,Neutral,Happy
242,49,Female,153,67,Yoga,86,747,134,10188,Low,8.2,3.2,2089,60,40.1,13.4,Happy,Neutral
243,18,Male,166,95,Pilates,71,996,85,11991,High,4.3,2.3,1892,64,54.5,22.9,Neutral,Happy
244,24,Female,173,62,Pilates,69,248,136,3852,Medium,4.6,1.3,3305,54,39.2,32.8,Stressed,Neutral
245,35,Female,180,93,HIIT,26,501,113,11801,High,8.8,1.5,1628,63,38.4,34.1,Tired,Neutral
246,19,Female,155,63,HIIT,100,486,109,8094,Medium,7.8,3.6,3227,52,43.3,21.4,Neutral,Stressed
247,44,Male,158,87,Pilates,120,878,165,13556,Low,4.5,3.0,3324,82,50.8,19.5,Happy,Stressed
248,32,Male,189,92,HIIT,117,322,101,6307,Medium,8.9,3.9,2439,71,38.2,20.2,Happy,Energetic
249,36,Male,153,81,Pilates,29,937,129,18678,High,4.7,3.8,1850,60,51.7,14.3,Happy,Tired
250,40,Male,164,97,Yoga,55,419,64,13323,Medium,5.7,1.8,1551,74,58.9,17.3,Energetic,Tired
251,28,Male,161,53,Yoga,54,430,134,16018,Low,7.6,2.9,3171,59,47.3,34.5,Energetic,Tired
252,27,Female,160,97,Pilates,31,266,84,5995,Low,4.8,3.6,3387,85,35.3,15.3,Energetic,Stressed
253,29,Female,164,98,HIIT,68,276,144,10031,Medium,4.7,1.3,1786,81,41.6,27.6,Stressed,Happy
254,19,Male,185,72,HIIT,36,818,135,10525,Medium,7.2,2.3,2666,66,50.8,14.5,Neutral,Tired
255,18,Female,171,65,Cardio,81,254,134,2666,Medium,7.2,2.1,3147,86,40.7,19.5,Stressed,Tired
256,18,Male,175,93,Pilates,64,447,64,9991,High,5.4,2.2,1803,58,39.5,26.3,Neutral,Tired
257,40,Female,187,51,Strength,24,259,177,13461,Low,7.3,2.0,3332,51,56.3,16.2,Energetic,Happy
258,22,Female,199,58,Pilates,90,353,176,7380,Medium,5.2,3.8,1515,72,57.3,12.8,Stressed,Neutral
259,25,Male,166,96,CrossFit,33,756,162,11363,Low,5.0,2.7,2204,80,54.6,15.5,Stressed,Neutral
260,39,Male,170,100,Strength,80,592,107,9413,Medium,8.8,3.3,2598,60,53.5,16.6,Tired,Neutral
261,40,Female,162,85,Cardio,52,501,167,15638,Medium,6.7,2.7,3109,60,37.4,17.9,Tired,Happy
262,47,Female,197,59,CrossFit,29,517,148,9852,Low,9.0,2.9,2294,51,44.0,17.5,Tired,Tired
263,31,Female,163,90,HIIT,95,444,155,12006,Low,4.8,2.1,3436,68,49.0,26.2,Stressed,Stressed
264,47,Female,152,90,Strength,72,704,109,19027,Low,7.9,1.4,2077,53,38.2,23.5,Energetic,Happy
265,44,Female,172,72,Cardio,82,641,129,17833,High,6.8,2.6,2346,62,48.6,28.3,Happy,Energetic
266,47,Female,154,61,Cardio,63,873,63,16773,High,7.3,2.5,2029,74,30.5,30.8,Tired,Neutral
267,24,Female,153,92,CrossFit,113,296,105,8675,Low,8.3,2.9,1840,61,36.2,22.6,Neutral,Energetic
268,53,Male,150,69,CrossFit,39,326,123,5891,Medium,7.1,1.9,1689,70,32.5,22.8,Energetic,Energetic
269,49,Female,156,63,Yoga,30,252,80,6666,Medium,5.4,2.5,2214,50,43.6,11.2,Stressed,Stressed
270,54,Male,191,59,Yoga,97,910,111,15487,Low,5.2,2.6,2503,51,37.7,13.9,Energetic,Tired
271,40,Female,155,59,Pilates,58,863,83,11584,High,7.3,1.9,2829,53,56.5,22.2,Stressed,Stressed
272,20,Female,169,71,HIIT,63,182,72,4470,Low,6.4,1.9,3065,56,58.9,34.7,Happy,Energetic
273,53,Female,174,100,Cardio,63,240,65,3415,High,8.1,1.9,3433,70,41.7,15.5,Stressed,Happy
274,23,Female,193,99,CrossFit,95,554,136,9546,Medium,6.1,1.5,2057,80,30.5,13.9,Tired,Energetic
275,36,Female,150,57,CrossFit,46,534,121,6186,High,6.6,1.4,1886,76,43.7,18.2,Energetic,Neutral
276,30,Female,159,67,Yoga,117,305,84,2725,High,8.1,3.7,2952,77,57.9,22.0,Neutral,Neutral
277,41,Male,181,75,Strength,46,471,146,1837,Low,6.3,2.1,3054,63,37.5,19.9,Neutral,Neutral
278,60,Female,158,62,Strength,45,896,105,8725,High,7.4,3.8,3003,53,46.9,16.9,Stressed,Tired
279,19,Female,176,51,Pilates,30,338,150,2810,Low,5.7,3.6,2958,88,55.0,33.3,Energetic,Tired
280,18,Female,173,55,Yoga,43,311,162,11283,High,6.1,3.2,1797,52,47.4,12.7,Stressed,Stressed
281,37,Male,162,55,Yoga,70,246,78,13523,Medium,6.3,3.4,2236,61,56.0,11.1,Happy,Stressed
282,41,Female,176,99,Pilates,28,471,169,15091,Medium,7.4,1.9,2645,51,32.5,28.3,Neutral,Energetic
283,23,Male,155,72,HIIT,67,395,159,2891,Medium,4.4,1.6,2288,66,59.0,29.0,Tired,Stressed
284,35,Female,165,84,Yoga,40,624,171,5589,Low,7.5,2.8,2541,77,40.1,13.5,Stressed,Neutral
285,48,Male,184,56,Strength,63,639,96,9983,Medium,8.3,3.4,3271,76,54.0,32.7,Energetic,Tired
286,55,Female,160,87,Pilates,70,873,124,12590,Medium,4.1,3.1,2223,58,59.9,34.3,Tired,Stressed
287,43,Male,165,97,Yoga,73,911,119,8382,Low,8.5,2.4,2318,82,55.4,27.1,Happy,Happy
288,23,Female,153,78,CrossFit,70,240,145,12852,High,4.4,1.6,3483,52,40.2,32.7,Energetic,Stressed
289,42,Female,183,75,Yoga,32,378,76,9058,Low,6.2,4.0,2475,65,32.2,16.3,Energetic,Happy
290,57,Female,172,90,Pilates,66,692,77,10095,High,6.9,4.0,2016,81,59.1,30.3,Happy,Neutral
291,30,Male,181,75,Cardio,52,416,142,17052,Low,4.7,2.5,2539,53,37.6,19.5,Tired,Neutral
292,29,Female,193,65,Strength,93,605,180,17632,High,7.4,1.9,3076,58,44.3,30.9,Neutral,Neutral
293,30,Male,176,96,HIIT,38,414,69,14157,Medium,5.9,1.9,2242,71,42.2,34.0,Tired,Tired
294,35,Female,184,69,CrossFit,49,933,96,2035,Medium,6.6,1.0,3117,80,41.2,31.1,Energetic,Happy
295,50,Female,194,80,Pilates,36,175,89,2412,High,8.5,3.6,1644,56,53.0,12.0,Happy,Energetic
296,23,Male,199,100,Cardio,94,943,151,14158,Medium,8.9,1.3,2370,72,57.7,34.4,Stressed,Energetic
297,54,Female,163,52,Cardio,86,595,77,17467,Low,5.4,3.9,1922,84,31.7,19.0,Energetic,Happy
298,30,Male,171,82,HIIT,108,938,77,3878,Medium,5.8,1.2,3097,85,43.8,32.8,Happy,Tired
299,20,Female,185,86,Pilates,75,274,149,2754,Low,5.7,3.6,3003,65,40.0,31.7,Energetic,Tired
300,20,Male,152,54,CrossFit,54,673,114,7739,Low,5.3,2.4,2612,66,55.4,23.8,Tired,Tired
301,26,Male,176,63,HIIT,110,213,164,12396,Medium,4.7,1.6,3471,50,47.5,26.0,Neutral,Neutral
302,52,Female,158,68,Yoga,84,905,98,9540,Medium,6.7,3.3,2596,83,48.6,28.5,Happy,Stressed
303,34,Female,190,93,Strength,82,262,175,1673,High,5.2,3.8,2542,89,35.8,18.5,Happy,Neutral
304,20,Female,163,85,Cardio,26,683,144,4951,Medium,4.6,2.1,2907,58,32.4,19.2,Happy,Energetic
305,58,Female,175,80,Strength,45,803,155,16002,High,7.3,2.7,2873,77,41.5,32.5,Neutral,Stressed
306,25,Female,158,80,Strength,93,761,151,8794,Medium,4.1,2.8,2645,77,50.1,31.9,Happy,Stressed
307,54,Male,177,55,Strength,41,845,64,5882,High,4.5,3.1,2803,77,57.5,25.7,Energetic,Neutral
308,33,Male,183,50,Cardio,98,560,66,8370,High,4.2,3.9,3004,62,48.9,31.9,Stressed,Neutral
309,42,Male,197,86,HIIT,88,954,128,1754,High,6.9,2.9,2329,58,47.8,13.0,Stressed,Energetic
310,51,Female,194,56,Cardio,42,889,78,4407,High,8.0,1.9,2314,51,53.6,22.5,Neutral,Tired
311,37,Male,178,90,Cardio,117,435,101,13707,Low,6.6,2.7,2084,63,30.1,14.1,Tired,Neutral
312,54,Male,171,70,CrossFit,109,260,124,4413,High,5.6,2.2,1530,89,45.0,14.0,Neutral,Energetic
313,36,Female,191,86,Cardio,66,320,129,7036,Medium,5.9,3.1,2704,67,54.0,31.1,Happy,Neutral
314,32,Male,175,68,Pilates,91,203,68,17631,Medium,9.0,1.5,1687,64,34.5,21.4,Stressed,Tired
315,54,Female,155,56,HIIT,78,268,178,8427,High,7.1,3.4,2842,81,42.2,21.6,Stressed,Neutral
316,54,Male,152,86,Yoga,26,577,76,6451,Low,4.2,1.3,1808,88,39.7,11.0,Stressed,Neutral
317,29,Male,158,92,CrossFit,72,262,168,6048,High,5.4,3.1,1502,58,59.3,16.8,Energetic,Happy
318,19,Male,197,66,Yoga,27,658,77,5548,Medium,6.7,1.1,2470,86,45.6,16.7,Stressed,Stressed
319,57,Female,156,94,CrossFit,86,379,92,4271,Medium,9.0,3.9,2524,52,48.4,20.5,Happy,Neutral
320,41,Female,184,61,Cardio,93,653,177,15396,Low,8.0,2.6,1603,67,52.8,25.1,Tired,Tired
321,45,Female,159,73,CrossFit,73,386,75,18328,Medium,6.8,3.7,2448,68,52.0,27.2,Neutral,Stressed
322,28,Male,165,54,Yoga,43,554,91,1929,Low,5.1,2.5,2789,77,51.1,18.2,Neutral,Neutral
323,46,Female,171,90,Cardio,55,198,138,12447,Low,8.1,3.2,2388,88,44.8,17.1,Happy,Happy
324,56,Female,172,76,HIIT,38,333,174,10534,Medium,7.6,2.1,2035,56,50.5,29.5,Stressed,Neutral
325,44,Male,179,60,CrossFit,111,372,63,19293,Medium,8.6,1.5,2123,55,46.1,32.4,Stressed,Happy
326,46,Male,156,55,Pilates,116,515,84,11386,Low,5.5,3.3,3474,78,52.0,14.8,Neutral,Stressed
327,37,Male,183,100,Cardio,31,808,84,18664,Medium,4.9,3.5,3220,71,35.8,12.8,Tired,Energetic
328,18,Male,155,61,Strength,120,724,160,12702,Medium,8.3,1.5,2799,67,34.8,27.7,Stressed,Energetic
329,55,Female,173,64,HIIT,109,364,120,19230,High,8.8,3.8,2705,81,30.5,32.8,Happy,Happy
330,34,Male,164,64,Yoga,98,902,125,8241,High,6.7,3.6,1841,89,33.9,13.9,Tired,Neutral
331,60,Female,164,85,CrossFit,23,920,168,2725,Low,6.9,1.4,2181,70,49.2,16.4,Tired,Stressed
332,29,Male,172,59,CrossFit,96,870,143,13865,Medium,8.6,1.8,3490,59,53.0,32.6,Neutral,Tired
333,22,Female,183,61,Cardio,70,539,130,7206,High,5.3,2.7,1936,66,32.8,28.2,Neutral,Neutral
334,20,Female,199,59,Cardio,35,457,170,12663,Low,8.7,2.6,1670,86,35.1,26.0,Neutral,Happy
335,39,Female,181,74,Cardio,65,530,173,11747,High,5.6,1.9,2953,66,58.3,32.7,Happy,Tired
336,56,Female,154,83,Yoga,119,659,159,16084,High,6.0,2.2,2184,66,49.2,15.9,Happy,Energetic
337,32,Female,178,76,Strength,46,467,130,12149,Low,4.4,3.3,1942,60,44.1,32.4,Stressed,Stressed
338,46,Female,154,80,Strength,84,944,100,5296,Medium,8.4,1.9,3098,56,37.4,25.4,Tired,Energetic
339,20,Female,166,85,Strength,71,476,85,5797,Medium,6.2,1.8,2197,85,39.3,18.5,Neutral,Stressed
340,33,Female,166,85,Cardio,103,663,130,4614,Medium,8.9,2.6,2858,68,34.3,32.7,Stressed,Neutral
341,40,Male,191,83,Pilates,71,973,87,6317,High,7.8,3.5,2950,77,31.5,18.2,Happy,Happy
342,60,Female,186,92,HIIT,40,773,127,19974,Low,4.4,3.9,3157,69,33.9,26.6,Energetic,Happy
343,22,Female,186,74,Pilates,35,803,96,14923,Low,6.9,2.9,2583,71,45.2,33.9,Stressed,Energetic
344,42,Female,190,80,Strength,73,503,166,6451,Low,6.5,3.2,2624,69,51.3,14.7,Neutral,Energetic
345,47,Female,185,82,Cardio,111,776,161,3660,Low,6.1,3.0,2307,89,34.2,31.9,Neutral,Neutral
346,57,Male,169,95,CrossFit,53,383,98,16815,Low,7.5,2.1,1902,75,32.5,13.0,Neutral,Stressed
347,26,Female,159,55,CrossFit,38,451,147,11673,Low,5.2,1.7,2526,64,42.3,12.8,Happy,Tired
348,30,Male,192,65,Pilates,57,386,116,17000,High,6.0,2.4,2070,65,55.4,27.6,Happy,Tired
349,24,Female,171,62,Strength,114,474,78,14174,High,8.1,3.4,3378,60,46.1,14.1,Tired,Stressed
350,41,Female,169,69,HIIT,84,365,118,1903,Medium,5.6,3.3,1696,56,54.2,30.6,Happy,Energetic
351,21,Female,192,83,Pilates,68,353,102,7153,Low,6.3,2.6,3218,68,42.7,28.5,Happy,Neutral
352,38,Female,168,54,Yoga,56,460,108,15016,Medium,6.7,1.4,1842,63,59.7,24.4,Stressed,Stressed
353,50,Female,168,73,Cardio,51,856,144,6858,Low,4.8,2.1,1673,53,44.8,32.9,Stressed,Happy
354,23,Female,166,94,CrossFit,97,577,67,16026,Medium,5.6,3.9,2700,77,43.0,29.8,Stressed,Happy
355,52,Male,156,85,Strength,41,961,109,6792,Medium,5.2,3.2,2905,81,31.5,28.3,Tired,Neutral
356,38,Female,158,53,Pilates,23,572,87,19098,Medium,7.2,2.8,2382,78,30.1,10.5,Tired,Tired
357,20,Male,166,60,Strength,97,699,121,18913,High,7.1,3.9,2101,64,41.2,29.1,Neutral,Tired
358,32,Female,193,97,Pilates,98,793,154,7269,High,4.8,2.3,3112,78,44.6,25.0,Happy,Neutral
359,18,Female,173,63,HIIT,51,648,158,14292,Low,5.6,3.4,3190,81,36.5,14.8,Tired,Neutral
360,19,Male,196,67,Pilates,20,462,156,1714,Low,5.6,2.3,2016,76,57.1,21.8,Happy,Stressed
361,23,Female,181,80,HIIT,31,701,76,13847,Medium,8.7,1.4,3210,54,46.8,25.1,Energetic,Stressed
362,42,Female,180,67,Pilates,37,913,170,19808,High,4.6,1.9,3024,50,38.5,28.1,Neutral,Tired
363,40,Male,185,67,Strength,106,966,149,17050,Medium,7.3,2.2,3353,61,42.6,13.0,Neutral,Tired
364,24,Female,174,75,HIIT,80,389,156,18966,Medium,6.9,1.3,2966,74,47.6,30.2,Happy,Energetic
365,44,Male,185,83,Pilates,33,429,69,7659,High,4.3,3.8,2388,81,30.2,13.4,Happy,Tired
366,57,Female,154,55,CrossFit,92,565,179,12236,Low,6.1,1.8,2325,60,48.4,22.0,Happy,Neutral
367,23,Male,174,69,Yoga,117,963,160,4762,Low,8.3,2.2,2682,59,46.2,11.9,Stressed,Energetic
368,58,Male,160,60,Cardio,82,648,93,16381,High,6.6,1.3,1700,60,37.0,18.1,Stressed,Neutral
369,44,Male,196,95,Strength,107,218,125,19712,High,4.5,3.1,1986,61,56.1,30.6,Stressed,Energetic
370,54,Male,161,84,Yoga,69,804,88,18863,High,8.8,3.4,2003,56,59.6,30.0,Energetic,Tired
371,56,Male,153,98,Strength,105,655,114,19586,Medium,7.6,3.1,1778,53,54.5,12.7,Tired,Happy
372,60,Female,191,51,Cardio,78,226,66,1217,Medium,7.8,2.2,2505,55,39.0,18.9,Energetic,Tired
373,41,Male,185,82,HIIT,106,664,60,18589,Low,8.0,1.8,2060,77,46.7,29.1,Tired,Neutral
374,26,Female,159,87,CrossFit,49,260,154,2188,High,8.5,2.6,2778,51,45.3,12.5,Neutral,Energetic
375,60,Male,177,94,Cardio,49,151,110,4931,Low,8.0,1.1,2249,68,37.2,13.9,Happy,Tired
376,18,Male,171,72,CrossFit,45,487,110,9152,Medium,8.0,1.4,1746,72,57.6,23.4,Neutral,Happy
377,31,Male,161,84,HIIT,97,430,94,1748,High,7.8,3.3,2206,55,44.3,25.6,Tired,Happy
378,54,Female,152,94,HIIT,108,826,135,3409,Low,7.8,1.2,1615,76,42.8,12.8,Stressed,Energetic
379,27,Female,181,51,Cardio,40,444,95,16462,Low,6.2,2.6,2106,62,48.0,25.6,Energetic,Stressed
380,27,Female,200,69,CrossFit,85,798,142,6359,Medium,5.6,3.0,3441,70,32.3,22.6,Happy,Tired
381,50,Male,171,83,Strength,37,850,114,14597,High,4.8,1.4,1901,73,32.2,31.7,Tired,Neutral
382,56,Male,188,54,Cardio,115,544,133,5114,High,4.0,2.9,3059,73,44.5,22.4,Energetic,Tired
383,19,Male,183,82,CrossFit,59,827,92,17619,High,7.5,3.9,1766,50,51.1,34.2,Tired,Happy
384,58,Male,152,50,Yoga,56,732,146,11477,Low,7.8,3.1,2453,50,48.4,11.7,Happy,Energetic
385,20,Male,186,50,HIIT,33,632,133,19740,Low,7.2,1.0,3298,86,35.0,11.1,Stressed,Energetic
386,57,Female,158,69,Yoga,71,553,101,2518,High,5.5,2.6,2544,81,50.2,17.8,Energetic,Neutral
387,40,Male,197,50,Yoga,65,997,105,2928,Low,8.0,2.0,3448,80,37.1,27.9,Happy,Tired
388,57,Female,184,53,Strength,49,266,63,16092,High,5.6,3.8,3280,90,31.8,29.1,Tired,Energetic
389,26,Male,192,96,Yoga,86,322,126,11187,High,8.3,3.9,3351,82,58.0,13.2,Stressed,Stressed
390,49,Male,168,55,Yoga,89,160,85,2752,Low,8.9,1.4,1613,82,34.6,28.2,Neutral,Energetic
391,39,Female,179,77,Cardio,106,474,109,19037,Low,7.0,1.6,2235,87,40.0,31.5,Neutral,Happy
392,30,Female,195,55,CrossFit,24,704,79,11162,Low,6.7,2.3,3168,67,46.8,32.3,Tired,Happy
393,26,Female,195,62,Yoga,68,298,120,8034,Medium,5.4,2.4,2805,79,43.7,14.5,Neutral,Happy
394,23,Male,161,78,HIIT,66,319,145,3294,Medium,7.7,2.9,3459,59,40.5,21.7,Neutral,Energetic
395,51,Female,192,77,Pilates,63,632,160,5519,Low,7.4,2.1,1744,67,31.2,27.3,Energetic,Stressed
396,21,Female,179,77,Yoga,82,332,127,18576,Medium,6.1,1.1,1689,54,31.5,11.1,Energetic,Neutral
397,49,Male,165,81,Cardio,104,411,117,4470,High,8.6,2.2,3414,66,53.0,10.3,Tired,Energetic
398,21,Male,177,94,Yoga,33,502,88,15280,Low,6.4,1.4,3207,83,49.0,22.9,Tired,Happy
399,52,Female,189,61,Cardio,100,779,117,17911,Low,4.4,2.4,2089,59,45.9,26.6,Tired,Tired
400,29,Female,175,58,CrossFit,83,773,115,6715,Medium,9.0,2.4,1982,71,30.1,21.4,Neutral,Stressed
401,23,Female,172,73,Cardio,29,333,175,11724,Medium,7.9,1.7,2836,68,36.0,20.3,Energetic,Stressed
402,45,Female,190,67,HIIT,95,893,108,5984,Low,7.8,1.2,3025,82,43.3,18.8,Tired,Happy
403,34,Female,150,54,Strength,103,715,85,14148,Low,8.8,2.5,2616,86,55.8,21.7,Happy,Energetic
404,36,Male,170,63,Pilates,92,505,108,13779,Medium,5.2,1.7,2747,59,36.2,22.7,Neutral,Tired
405,42,Male,195,100,CrossFit,32,223,177,19877,Low,8.4,2.2,2887,87,38.1,29.5,Happy,Energetic
406,32,Female,181,66,CrossFit,30,710,104,11064,Low,7.1,2.4,2761,64,46.0,23.3,Tired,Happy
407,60,Male,191,91,Cardio,40,883,71,15646,Medium,6.0,3.3,2250,75,57.1,12.7,Energetic,Tired
408,56,Male,193,75,Pilates,106,509,64,10686,High,5.4,2.0,1620,66,51.1,23.8,Tired,Neutral
409,54,Male,173,95,Pilates,78,458,160,15532,Medium,8.4,2.6,3201,69,59.4,21.9,Stressed,Energetic
410,53,Male,184,50,Strength,102,536,139,6214,Low,4.6,3.4,3301,54,47.7,10.2,Tired,Happy
411,26,Male,189,60,Yoga,63,882,175,7386,High,4.8,2.3,3167,89,48.6,34.9,Stressed,Happy
412,42,Male,163,72,Cardio,63,357,172,4709,High,4.8,1.3,1695,56,57.6,18.9,Neutral,Neutral
413,39,Female,178,96,Cardio,65,329,156,15412,Low,6.3,2.8,3479,84,52.4,33.6,Energetic,Energetic
414,33,Female,191,99,CrossFit,56,869,164,16807,Medium,7.2,2.5,2476,85,50.1,29.3,Energetic,Neutral
415,51,Male,199,93,Pilates,115,160,81,1460,Medium,4.4,2.4,2007,76,41.2,27.6,Energetic,Happy
416,36,Male,176,66,Pilates,48,438,148,5458,Medium,6.2,2.9,2758,61,42.5,26.5,Happy,Energetic
417,53,Female,153,68,CrossFit,85,252,167,11318,High,7.8,1.8,3088,67,55.6,26.8,Tired,Tired
418,23,Male,175,100,HIIT,23,610,145,18790,Low,7.4,3.2,3430,72,59.7,20.7,Happy,Neutral
419,46,Female,161,77,CrossFit,74,493,124,8618,Low,6.1,3.0,2606,90,47.9,32.1,Tired,Energetic
420,39,Male,167,50,Cardio,73,844,132,12483,Low,4.1,2.0,1711,80,44.3,26.0,Neutral,Stressed
421,31,Male,157,60,Cardio,70,423,144,15194,High,4.2,1.8,2694,69,55.4,24.7,Stressed,Energetic
422,53,Male,198,80,HIIT,91,787,115,10938,High,5.1,1.8,3138,51,49.1,15.5,Neutral,Neutral
423,45,Female,159,77,HIIT,100,285,120,7048,Low,7.3,2.7,3282,89,50.6,34.2,Stressed,Stressed
424,51,Female,167,57,Strength,42,921,128,6789,High,6.6,2.2,2776,64,32.5,23.6,Stressed,Stressed
425,50,Male,165,88,Yoga,94,723,72,17816,Medium,5.7,1.3,2333,53,38.3,18.4,Tired,Neutral
426,45,Male,175,95,Yoga,91,574,104,14069,Medium,6.9,2.4,2822,77,43.5,34.9,Neutral,Happy
427,30,Male,183,77,Pilates,110,692,93,11936,Medium,7.9,2.7,2100,87,30.5,30.1,Stressed,Tired
428,49,Male,176,56,Yoga,31,757,69,19627,High,5.1,1.9,2799,51,53.5,17.1,Happy,Tired
429,38,Male,199,56,Yoga,85,679,128,1291,Low,5.5,3.8,2111,50,42.8,17.8,Tired,Neutral
430,28,Male,187,59,Cardio,44,346,179,12952,Medium,6.8,2.4,2280,65,50.8,22.1,Tired,Energetic
431,37,Male,150,67,CrossFit,101,730,146,9156,Low,8.3,2.2,3385,52,33.2,12.1,Energetic,Energetic
432,55,Female,175,95,Strength,72,161,74,17932,High,8.7,1.3,2192,66,50.3,29.7,Stressed,Energetic
433,18,Female,174,91,CrossFit,47,941,100,1891,Medium,8.9,4.0,2387,90,33.8,18.9,Energetic,Stressed
434,21,Male,173,71,Strength,28,579,120,12924,Medium,4.3,3.3,1590,75,30.2,34.1,Neutral,Neutral
435,51,Male,187,59,CrossFit,55,756,156,10793,Medium,8.7,1.3,1553,68,45.8,33.1,Neutral,Energetic
436,59,Male,199,60,CrossFit,25,652,91,7463,Medium,8.7,2.3,2874,84,38.4,26.8,Neutral,Happy
437,60,Male,191,68,Cardio,44,904,160,9209,Low,7.2,2.0,2224,57,52.6,25.8,Neutral,Energetic
438,47,Female,188,65,CrossFit,118,967,169,19439,High,5.0,1.9,3460,53,42.0,14.7,Tired,Neutral
439,45,Male,180,75,HIIT,71,192,99,4772,High,4.5,3.7,3177,88,33.4,17.1,Tired,Energetic
440,57,Female,162,92,HIIT,59,733,144,5584,Low,4.3,2.3,2846,59,43.0,16.7,Stressed,Energetic
441,51,Male,153,81,Pilates,66,726,145,18253,Medium,8.4,2.5,2971,64,34.3,18.4,Tired,Tired
442,33,Female,154,86,Pilates,35,385,176,7840,Medium,8.8,1.5,2282,56,32.5,19.6,Energetic,Energetic
443,50,Female,156,93,Pilates,38,372,169,18990,Low,6.0,1.3,1992,87,34.9,13.5,Energetic,Neutral
444,28,Female,153,67,Yoga,117,250,68,12770,High,7.8,2.3,3019,82,55.9,33.3,Stressed,Energetic
445,58,Female,164,84,Pilates,48,319,92,7186,High,4.3,3.3,1916,83,46.0,22.5,Energetic,Tired
446,51,Male,171,98,HIIT,97,306,68,7014,High,4.6,2.1,2184,55,46.5,22.8,Stressed,Happy
447,48,Female,153,52,Yoga,84,680,61,5868,Medium,6.5,1.1,1932,86,31.3,30.5,Happy,Tired
448,57,Male,172,75,Cardio,59,939,139,9814,High,6.8,2.4,2078,81,47.6,15.5,Neutral,Neutral
449,44,Male,194,81,Pilates,110,922,112,2726,Low,5.9,3.6,2569,70,34.7,27.8,Stressed,Happy
450,27,Male,175,91,CrossFit,107,168,132,16686,Low,4.1,1.1,2878,64,59.0,17.6,Stressed,Happy
451,27,Male,186,100,Strength,99,898,106,6475,Medium,7.8,2.5,2638,85,57.5,17.0,Happy,Energetic
452,34,Male,170,84,Strength,35,158,155,3676,Medium,7.2,2.8,2239,54,46.0,10.3,Energetic,Energetic
453,41,Male,153,89,Cardio,20,652,119,18414,Medium,5.2,3.5,2704,51,33.6,17.0,Neutral,Happy
454,34,Male,156,71,Cardio,47,720,113,4321,High,5.4,3.7,2245,68,32.3,11.0,Neutral,Neutral
455,26,Female,196,90,Strength,34,154,69,7102,Medium,4.3,3.5,3055,61,46.2,34.3,Neutral,Neutral
456,60,Female,150,87,Cardio,88,307,155,16791,Medium,8.9,3.7,2455,75,59.0,18.7,Happy,Tired
457,45,Male,188,57,CrossFit,61,681,77,16325,Medium,7.9,2.1,2782,84,37.0,22.0,Neutral,Happy
458,58,Female,183,50,Strength,92,940,113,12794,Medium,8.1,3.1,3381,75,57.1,32.5,Energetic,Tired
459,37,Male,157,55,Pilates,60,519,79,13960,Medium,7.9,1.2,2348,61,49.0,30.4,Neutral,Happy
460,59,Male,198,68,CrossFit,24,330,95,3491,High,7.1,3.3,2318,88,43.2,27.9,Stressed,Happy
461,57,Male,185,54,HIIT,111,486,117,8468,Medium,5.9,3.7,2543,65,34.9,13.3,Stressed,Stressed
462,19,Male,182,54,CrossFit,103,998,171,2699,Medium,5.5,1.4,3099,81,59.7,16.6,Neutral,Stressed
463,53,Male,171,88,Yoga,118,588,170,12401,Medium,7.0,1.9,2427,54,35.6,25.3,Neutral,Tired
464,37,Female,184,80,Yoga,72,645,82,11161,Medium,4.3,1.7,2366,89,39.8,19.7,Stressed,Tired
465,22,Male,163,71,Cardio,101,256,72,3583,High,4.7,3.6,2199,67,52.2,23.4,Neutral,Tired
466,31,Male,161,84,Pilates,92,279,126,5855,Low,4.2,2.5,2202,79,40.4,12.0,Energetic,Stressed
467,26,Male,168,89,Strength,112,930,98,13656,High,6.1,2.9,2803,80,58.8,31.1,Stressed,Tired
468,59,Female,170,88,Strength,52,178,118,11798,Low,8.2,3.1,3125,73,33.7,18.0,Tired,Energetic
469,18,Male,161,63,Yoga,120,377,125,3767,High,7.3,3.4,2348,62,32.0,20.3,Neutral,Stressed
470,56,Female,190,68,Cardio,61,695,159,3063,Low,8.3,3.1,2845,80,42.1,16.6,Happy,Happy
471,22,Male,196,65,Cardio,120,158,62,17383,High,7.8,2.0,1635,57,31.4,15.1,Happy,Tired
472,22,Male,199,52,Yoga,115,284,159,13849,Low,7.6,1.2,1576,52,34.1,25.9,Neutral,Neutral
473,50,Male,170,64,Strength,80,312,170,17822,Low,5.9,2.8,2683,80,50.8,11.8,Happy,Stressed
474,36,Female,192,69,Strength,54,623,120,3175,Low,4.5,2.4,3382,58,41.2,28.1,Energetic,Stressed
475,23,Male,183,92,Pilates,89,678,165,2392,High,6.7,2.3,1870,66,32.3,22.2,Tired,Happy
476,36,Male,179,77,Yoga,40,430,179,12596,Medium,5.3,1.5,3349,53,46.4,33.9,Neutral,Tired
477,44,Male,158,50,Strength,22,818,159,2714,Medium,8.3,2.1,1715,87,53.0,21.8,Stressed,Energetic
478,19,Female,185,98,Strength,111,559,163,13843,Medium,5.0,1.5,1807,60,54.9,12.5,Stressed,Energetic
479,44,Female,155,62,Strength,87,767,159,12980,Low,8.1,2.7,3228,72,56.7,18.4,Stressed,Stressed
480,41,Female,170,80,CrossFit,85,162,127,16047,High,4.8,1.9,3097,86,30.1,13.1,Energetic,Tired
481,40,Male,185,82,Cardio,113,343,87,16420,High,8.9,1.8,3476,50,52.8,15.6,Energetic,Energetic
482,44,Female,164,72,Yoga,86,731,73,12067,High,4.5,1.7,1901,52,34.4,32.3,Neutral,Stressed
483,34,Female,160,90,HIIT,108,628,140,7005,High,7.9,2.0,2041,74,48.3,23.0,Energetic,Stressed
484,39,Male,199,74,Cardio,48,564,88,2613,Low,5.5,1.9,1745,53,41.6,30.8,Neutral,Stressed
485,33,Female,170,87,CrossFit,93,679,141,19817,Low,5.6,1.5,3491,90,50.2,33.4,Happy,Happy
486,25,Male,191,86,Pilates,110,206,108,8147,Low,8.2,3.4,1516,69,40.1,23.7,Happy,Tired
487,19,Female,160,84,CrossFit,53,503,106,7597,High,5.3,3.4,1503,90,44.1,34.0,Tired,Tired
488,52,Male,158,60,Pilates,107,988,100,14419,High,4.0,2.4,2766,62,58.3,26.2,Happy,Stressed
489,42,Male,181,55,CrossFit,43,960,85,18417,Low,5.2,1.6,2815,51,47.9,16.5,Tired,Neutral
490,35,Female,193,75,Pilates,72,602,60,3337,High,6.8,1.6,1530,89,37.5,34.9,Neutral,Tired
491,21,Female,173,72,Cardio,57,865,124,15609,Medium,8.5,1.6,1716,53,48.1,17.9,Happy,Happy
492,43,Male,177,77,Cardio,119,772,137,1367,Medium,6.4,1.1,3303,87,37.9,20.7,Neutral,Happy
493,38,Female,165,51,Strength,36,515,91,5162,Medium,5.3,1.1,1795,81,54.4,24.2,Stressed,Stressed
494,23,Female,165,65,CrossFit,75,900,135,6838,Low,8.2,3.3,3181,85,52.3,17.8,Neutral,Stressed
495,41,Female,193,80,Pilates,73,414,72,9248,Low,7.8,1.5,3132,86,40.4,16.6,Stressed,Stressed
496,42,Male,183,62,Yoga,29,639,176,15976,High,6.8,2.5,2963,82,57.5,27.4,Neutral,Stressed
497,28,Female,153,99,Yoga,118,744,108,15521,High,5.4,1.8,1714,60,42.7,19.0,Happy,Tired
498,39,Female,197,58,Cardio,54,570,78,9019,Medium,6.2,1.2,1586,82,56.3,22.3,Tired,Stressed
499,42,Female,173,74,Pilates,119,822,112,8260,Low,4.4,3.3,3324,60,53.2,15.8,Tired,Happy
500,44,Female,179,95,Cardio,86,585,84,18213,Low,8.9,3.2,2591,66,31.5,26.0,Energetic,Neutral
